Keyword,Recommended Page,Intent Category,Priority Level,Search Volume,CPC,Keyword Difficulty,Strategic Cluster,Notes
Memphis DJ,Main DJ Services Landing Page,Commercial,High,300,$2.00,20,Core DJ Services,Primary broad keyword - highest volume
DJ Memphis,Main DJ Services Landing Page,Commercial,High,300,$2.00,20,Core DJ Services,Primary broad keyword variant
wedding DJ Memphis,Wedding DJ Landing Page,Commercial,High,200,$3.00,20,Wedding DJs Memphis,Primary wedding keyword
Memphis wedding DJ,Wedding DJ Landing Page,Commercial,High,200,$3.00,20,Wedding DJs Memphis,Primary wedding keyword variant
Memphis DJs,Main DJ Services Landing Page,Commercial,High,150,$2.00,20,Core DJ Services,Plural variation - good volume
DJ in Memphis,Main DJ Services Landing Page,Commercial,High,150,$2.00,20,Core DJ Services,Local positioning keyword
Memphis DJ services,DJ Services Page,Commercial,Medium,80,$2.00,15,Core DJ Services,Service-focused keyword
DJ services Memphis,DJ Services Page,Commercial,Medium,80,$2.00,15,Core DJ Services,Service-focused variant
DJ for hire Memphis,Service Page,Commercial,Medium,50,$1.50,15,Core DJ Services,Direct hiring intent
hire a DJ in Memphis,Service Page,Commercial,Medium,50,$1.50,15,Core DJ Services,Hiring intent variant
event DJ Memphis,Event DJ Services Page,Commercial,Medium,50,$2.00,15,Event DJs Memphis,Business/event focus
wedding DJs in Memphis,Wedding DJ Landing Page,Commercial,Medium,50,$3.00,15,Wedding DJs Memphis,Plural wedding variant
Memphis wedding DJs,Wedding DJ Landing Page,Commercial,Medium,50,$3.00,15,Wedding DJs Memphis,Plural wedding variant
corporate event DJ Memphis,Event DJ Services Page,Commercial,Medium,50,$2.50,15,Event DJs Memphis,Corporate market
party DJ Memphis,Event DJ Services Page,Commercial,Medium,30,$1.50,15,Event DJs Memphis,General party keyword
private party DJ Memphis,Event DJ Services Page,Commercial,Medium,30,$1.50,15,Event DJs Memphis,Private event focus
birthday party DJ Memphis,Event DJ Services Page,Commercial,Medium,30,$1.50,15,Event DJs Memphis,Birthday celebrations
wedding DJ services Memphis,Wedding DJ Landing Page,Commercial,Medium,30,$3.00,15,Wedding DJs Memphis,Service-specific variant
Memphis DJ cost,Pricing/FAQ Page,Informational,Medium,30,$0.00,0,Pricing Research,Cost research - good volume
corporate DJ Memphis,Event DJ Services Page,Commercial,Medium,20,$2.00,15,Event DJs Memphis,Corporate variant
Memphis corporate DJ,Event DJ Services Page,Commercial,Medium,20,$2.00,15,Event DJs Memphis,Corporate variant
birthday DJ Memphis,Event DJ Services Page,Commercial,Medium,20,$1.50,15,Event DJs Memphis,Birthday variant
Memphis DJ prices,Pricing/FAQ Page,Informational,Medium,20,$0.00,0,Pricing Research,Pricing research
karaoke DJ Memphis,Service Feature Page,Commercial,Medium,20,$1.50,10,Modifier Services,Karaoke service feature
Memphis karaoke DJ,Service Feature Page,Commercial,Medium,20,$1.50,10,Modifier Services,Karaoke variant
DJ Germantown TN,Germantown Location Page,Local,Medium,20,$2.00,5,Local SEO,Suburb-specific
DJ Collierville TN,Collierville Location Page,Local,Medium,20,$2.00,5,Local SEO,Suburb-specific
best DJs in Memphis,Best DJ Comparison Page,Informational,Medium,20,$0.00,10,Competitive Research,Authority positioning
best wedding DJ Memphis,Best DJ Comparison Page,Informational,Medium,20,$0.00,10,Competitive Research,Wedding-specific authority
DJ Southaven MS,Southaven Location Page,Local,Medium,20,$2.00,5,Local SEO,Cross-state suburb
affordable wedding DJ Memphis,Wedding DJ Landing Page,Commercial,Low,10,$2.00,10,Wedding DJs Memphis,Budget positioning
cheap wedding DJ Memphis,Wedding DJ Landing Page,Commercial,Low,10,$2.00,10,Wedding DJs Memphis,Budget variant
Sweet 16 DJ Memphis,Event DJ Services Page,Commercial,Low,10,$1.00,10,Event DJs Memphis,Teen party niche
company party DJ Memphis,Event DJ Services Page,Commercial,Low,10,$1.50,10,Event DJs Memphis,Corporate party
holiday party DJ Memphis,Event DJ Services Page,Commercial,Low,10,$2.00,10,Event DJs Memphis,Holiday events
school dance DJ Memphis,Event DJ Services Page,Commercial,Low,10,$1.00,5,Event DJs Memphis,School events
prom DJ Memphis,Event DJ Services Page,Commercial,Low,10,$1.00,5,Event DJs Memphis,Prom events
bar mitzvah DJ Memphis,Event DJ Services Page,Niche,Low,10,$1.00,5,Cultural Events,Jewish celebrations
club DJ Memphis,Service Feature Page,Commercial,Low,10,$1.00,10,Modifier Services,Nightclub focus
DJ with uplighting Memphis,Service Feature Page,Commercial,Low,10,$2.00,5,Modifier Services,Equipment feature
Memphis DJ uplighting,Service Feature Page,Commercial,Low,10,$2.00,5,Modifier Services,Equipment variant
DJ with karaoke Memphis,Service Feature Page,Commercial,Low,10,$1.50,5,Modifier Services,Karaoke feature
DJ with lighting Memphis,Service Feature Page,Commercial,Low,10,$2.00,5,Modifier Services,Lighting feature
DJ who takes requests Memphis,Service Feature Page,Commercial,Low,10,$1.00,0,Modifier Services,Request feature
DJ that takes requests Memphis,Service Feature Page,Commercial,Low,10,$1.00,0,Modifier Services,Request variant
how much does a DJ cost in Memphis,Pricing Blog Post,Informational,Low,10,$0.00,0,Pricing Research,Long-tail cost question
average wedding DJ cost Memphis,Pricing Blog Post,Informational,Low,10,$0.00,0,Pricing Research,Wedding cost specific
Memphis DJ reviews,Reviews/Testimonials Page,Informational,Low,10,$0.00,5,Reputation Management,Review searches
top Memphis DJs,Best DJ Comparison Page,Informational,Low,10,$0.00,10,Competitive Research,Top DJ positioning
Memphis wedding DJ reviews,Reviews/Testimonials Page,Informational,Low,10,$0.00,5,Reputation Management,Wedding review specific
M10 DJ reviews,Reviews/Testimonials Page,Branded,Low,10,$0.00,0,Branded Content,Brand-specific reviews
Wedding DJ Germantown,Germantown Location Page,Local,Low,10,$2.00,5,Local SEO,Wedding-specific suburb
DJ Bartlett TN,Bartlett Location Page,Local,Low,10,$2.00,5,Local SEO,Suburb-specific
Wedding DJ Collierville,Collierville Location Page,Local,Low,10,$2.00,5,Local SEO,Wedding-specific suburb
Wedding DJ Bartlett,Bartlett Location Page,Local,Low,10,$2.00,5,Local SEO,Wedding-specific suburb
DJ Cordova TN,Cordova Location Page,Local,Low,10,$2.00,5,Local SEO,Suburb-specific
Wedding DJ Southaven,Southaven Location Page,Local,Low,10,$2.00,5,Local SEO,Wedding cross-state
DJ Olive Branch MS,Olive Branch Location Page,Local,Low,10,$2.00,5,Local SEO,Cross-state suburb
DJ West Memphis AR,West Memphis Location Page,Local,Low,10,$2.00,5,Local SEO,Cross-state coverage
DJ para quinceañera en Memphis,Cultural Services Page,Niche,Low,10,$1.00,5,Cultural Events,Hispanic quinceañera
DJ para boda Memphis,Cultural Services Page,Niche,Low,10,$1.00,5,Cultural Events,Hispanic wedding
DJ para fiesta Memphis,Cultural Services Page,Niche,Low,10,$1.00,5,Cultural Events,Hispanic party
DJ latino Memphis,Cultural Services Page,Niche,Low,10,$1.00,5,Cultural Events,Latino community
Spanish DJ Memphis,Cultural Services Page,Niche,Low,10,$1.00,5,Cultural Events,Spanish-speaking
Indian wedding DJ Memphis,Cultural Services Page,Niche,Low,10,$1.50,5,Cultural Events,Indian community
Bollywood DJ Memphis,Cultural Services Page,Niche,Low,10,$1.50,5,Cultural Events,Bollywood music
Bilingual DJ Memphis,Cultural Services Page,Niche,Low,10,$1.50,5,Cultural Events,Bilingual services
Female DJ Memphis,Diversity Page,Niche,Low,10,$1.00,5,Diversity Content,Gender-specific
M10 DJ Company,Branded About Page,Branded,Medium,50,$0.00,5,Branded Content,Primary brand keyword
DJ Ben Murray,DJ Ben Murray Profile Page,Branded,Medium,30,$0.00,0,Branded Content,Personal brand
DJ Ben Murray Instagram,DJ Ben Murray Profile Page,Branded,Low,10,$0.00,0,Branded Content,Social media brand
homecoming DJ Memphis,Event DJ Services Page,Commercial,Low,5,$1.00,5,Event DJs Memphis,School homecoming
bat mitzvah DJ Memphis,Event DJ Services Page,Niche,Low,5,$1.00,5,Cultural Events,Jewish celebrations
DJ Arlington TN,Arlington Location Page,Local,Low,5,$2.00,5,Local SEO,Suburb-specific
Wedding DJ Olive Branch,Olive Branch Location Page,Local,Low,5,$2.00,5,Local SEO,Wedding cross-state
Wedding DJ West Memphis,West Memphis Location Page,Local,Low,5,$2.00,5,Local SEO,Wedding cross-state
Hispanic DJ Memphis,Cultural Services Page,Niche,Low,5,$1.00,5,Cultural Events,Hispanic community
DJ at The Peabody Memphis,Venue-Specific Page,Local,Low,5,$1.50,5,Venue Targeting,Luxury venue
DJ at Memphis Botanic Garden,Venue-Specific Page,Local,Low,5,$1.50,5,Venue Targeting,Wedding venue
how to choose a wedding DJ Memphis,Educational Blog Post,Informational,Low,5,$0.00,0,Educational Content,Decision-making guide
DJ vs band Memphis,Comparison Blog Post,Informational,Low,5,$0.00,0,Educational Content,Comparison content
DJ near me,Local Landing Page,Local,Very High,5400,$1.50,40,Local SEO,Massive volume - optimize for mobile/local
wedding DJ near me,Wedding DJ Landing Page,Local,Very High,720,$3.00,25,Wedding DJs Memphis,High-intent local wedding
DeepBlu Entertainment,Competitor Analysis Page,Competitive,Low,50,$0.00,10,Competitive Intelligence,Main competitor
Tiger City Entertainment,Competitor Analysis Page,Competitive,Low,10,$0.00,5,Competitive Intelligence,Local competitor
DNA Entertainment Memphis,Competitor Analysis Page,Competitive,Low,10,$0.00,5,Competitive Intelligence,Local competitor
DJ Mark Anderson Memphis,Competitor Analysis Page,Competitive,Low,10,$0.00,0,Competitive Intelligence,Individual competitor
DJ 1Luv Entertainment,Competitor Analysis Page,Competitive,Low,10,$0.00,0,Competitive Intelligence,Local competitor
DJ Riaz Ali Memphis,Competitor Analysis Page,Competitive,Low,10,$0.00,0,Competitive Intelligence,Individual competitor